compound_id,compound_name,smiles,CDK4_IC50_nM,CDK11_IC50_nM,selectivity_CDK4_over_CDK11,pdb_id,literature_reference,notes
PALBOCICLIB,Palbociclib,CC1=C(C(=O)N(C2=NC(=NC3=C2C=C(C=C3)NC4=NC=CC=N4)N5CCNCC5)C(=O)N1)C,11,>10000,>900,5L2I,PMID:25589493,FDA approved CDK4/6 inhibitor (Ibrance)
RIBOCICLIB,Ribociclib,CC1=C(C(=NC=N1)NC2=NC=C(C=C2)N3CCN(CC3)C(=O)C4=CC=CC=C4F)C,10,>10000,>1000,5L2S,PMID:26461310,FDA approved CDK4/6 inhibitor (Kisqali)
ABEMACICLIB,Abemaciclib,CCN1CCN(CC1)CC2=CN=C(C=C2)NC3=NC=C(C=C3)N4CCN(CC4)C5=NC=NC6=C5C=C(C=C6)F,2,>10000,>5000,5L2T,PMID:26461310,FDA approved CDK4/6 inhibitor (Verzenio)
TRILACICLIB,Trilaciclib,CN1CCN(CC1)C2=NC=NC3=C2C=C(C=C3)NC4=NC=C(C=C4)C#N,1,>10000,>10000,,PMID:30458148,FDA approved (Cosela) - short-acting CDK4/6 inhibitor
FASCAPLYSIN,Fascaplysin,C1=CC=C2C(=C1)C3=C[N+](=CC4=C3C(=O)N5C=CC=CC5=N4)C=C2,350,250,0.7,2W99,PMID:15796582,Natural product CDK4 inhibitor - non-selective
SY_1365,SY-1365,CN(C)C1=NC2=C(C=CC(=C2)NC3=CC=CC(=C3)C(F)(F)F)C(=N1)N,580,45,0.08,,PMID:31194573,CDK7 inhibitor with CDK11 activity
AT7519,AT7519,NC(=O)NC1=CC=C(C=C1)C2=CN=C(NCC3=CC=CC=C3Cl)N=C2,20,18,0.9,4BCO,PMID:20159023,Pan-CDK inhibitor
DINACICLIB,Dinaciclib (SCH727965),CC1=C(C=NN1C2=CC=CC(=C2)O)C3=CC=NC(=N3)NC4CCC(CC4)N5CCOCC5,6,4,0.7,4KD1,PMID:24120142,Pan-CDK inhibitor
ALVOCIDIB,Alvocidib (Flavopiridol),COC1=CC2=C(C(=C1)O)C(=O)C=C(O2)C3=CC=C(C=C3)Cl,100,21,0.2,3MY5,PMID:16914565,Pan-CDK inhibitor in clinical trials
LEE011_ANALOG,LEE011 Analog,CC1=CC(=CC(=C1)NC2=NC(=NC=C2)NC3=CC=C(C=C3)CN4CCN(CC4)C)C,25,>5000,>200,,PMID:26461310,Ribociclib analog
PD0332991,PD0332991,CC1=C(C(=O)N(C2=NC(=NC3=C2C=C(C=C3)NC4=NC=CC(=N4)C5=CC=NC=C5)N6CCNCC6)C(=O)N1)C,11,>10000,>900,2W96,PMID:19461840,Palbociclib - original code name
G1T38,G1T38 (Lerociclib),CC1=CN=C(C=N1)NC2=NC=C(C=C2)CN3CCN(CC3)C4=NC=NC5=C4C=C(C=C5)NC6CCCCC6,5,>10000,>2000,,PMID:30830782,Investigational CDK4/6 inhibitor
ZNL_05_044,ZNL-05-044,CC1=NC(=NC(=N1)NC2=CC=C(C=C2)S(=O)(=O)NC3=CC=CC=C3)NC4=CC=C(C=C4)OC,>10000,38,<0.004,,PMID:35597007,Selective CDK11 inhibitor (diaminothiazole)
OTS964,OTS964,CC(C)N1C=C(C=N1)C2=CC=C(C=C2)NC(=O)NC3=CC=C(C=C3)C(C)O,>5000,10,<0.002,,PMID:28644104,CDK11/TOPK dual inhibitor
SR_4835,SR-4835,CC1=CC=C(C=C1)C2=NC3=C(N2)C=CC(=C3)NC(=O)NC4=CC(=CC=C4)C(F)(F)F,>5000,98,<0.02,,PMID:33508209,CDK11 inhibitor
COMPOUND_3i,Compound 3i (CDK11 selective),CN1C=C(C2=CC=CC=C21)C3=NC(=NC(=N3)NC4=CC=C(C=C4)S(=O)(=O)N)NC5=CC=CC=C5F,>10000,25,<0.003,,PMID:35597007,CDK11-selective from SAR study
R547,R547,CC1=C(SC=N1)C(=O)NC2=CC(=CC=C2)NC(=O)NC3=CC(=CC=C3)OC,15,280,18.7,2WFY,PMID:18950757,CDK1/2/4 inhibitor
BMS_387032,BMS-387032 (SNS-032),CC(C)C1=C(SC(=N1)NC2=CC=C(C=C2)CN3CCOCC3)C(=O)NC4=CC=CC=C4,48,45,0.9,3R5V,PMID:18183025,Pan-CDK inhibitor
RONICICLIB,Roniciclib (BAY 1000394),COC1=CC=C(C=C1)NC(=O)NC2=NC3=C(C=C2C)N(N=C3C4=CC=C(C=C4)F)C,35,12,0.3,,PMID:29455852,Pan-CDK inhibitor
P276_00,P276-00,COC1=CC2=C(C(=C1OC)OC)C(=O)C(=C(O2)C3CCCC3)C,63,>5000,>79,,PMID:26388147,CDK4/1 inhibitor
MILCICLIB,Milciclib (PHA-848125),CC1=C(C=NN1C2=CC=CC(=C2)OC)C3=CC=NC(=N3)NC4CCC(CC4)N5CCOCC5,45,>2000,>44,,PMID:24055446,CDK inhibitor in clinical trials
TG02,TG02 (SB1317),CC1=C(N=CN1)C2=CC=C(C=C2)NC(=O)NC3=CC4=CC=CC=C4N=C3,9,8,0.9,,PMID:23063415,Multi-kinase inhibitor incl CDKs
VORUCICLIB,Voruciclib (P1446A-05),CC1=C(C2=C(N1)C=CC(=C2)F)C3=CC(=NC(=N3)NC4=CC(=CC=C4)S(=O)(=O)N)NC5CCCCC5,4,>5000,>1250,,PMID:30155964,CDK4/6 inhibitor in clinical trials
RIVICICLIB,Riviciclib (P276-00 analog),CC1=CC(=CC(=C1O)O)C2=CC(=O)C3=C(C=C(C=C3O2)OC)O,85,>10000,>117,,PMID:30095371,CDK inhibitor
AZD5438,AZD5438,CC(C)NC1=NC2=C(C=CC(=C2)C3=NC=NC=C3)C(=N1)C,8,5,0.6,2VTA,PMID:18950768,Pan-CDK inhibitor with good CDK4 activity
JNJ7706621,JNJ-7706621,NC(=O)C1=CC(=C(C=C1)NC(=O)C2=CC=C(C=C2)S(N)(=O)=O)Cl,30,15,0.5,4FKO,PMID:15149670,CDK/Aurora kinase inhibitor
RGB286638,RGB-286638,CC1=CC=C(C=C1)NC2=NC(=NC3=C2C=C(C=C3)N4CCN(CC4)C)NC5=CC=CC=C5,35,20,0.6,,PMID:23313547,Multi-CDK inhibitor
ROSCOVITINE,Roscovitine (Seliciclib),CC(C)NC1=NC(=C2C(=N1)N(C=N2)C(C)C)NCC3=CC=CC=C3,150,200,1.3,2A4L,PMID:9461441,Classical CDK inhibitor - research tool
OLOMOUCINE,Olomoucine,CC(C)NC1=NC(=C2C(=N1)N=CN2C)NCCC3=CC=CC=C3,7000,8000,1.1,1W0X,PMID:7957934,First-generation CDK inhibitor
PURVALANOL_A,Purvalanol A,CC(C)NC1=NC(=C2C(=N1)N=CN2C(C)C)NC(C)C3=CC=C(C=C3)Cl,75,35,0.5,1CKP,PMID:9874735,Research tool CDK inhibitor
BS194,BS-194,CC1=C(C=CC(=C1)NC2=NC=NC3=C2C=C(C=C3)OC)C(=O)NC4=CC=C(C=C4)N5CCOCC5,30,25,0.8,,PMID:25574653,CDK9 inhibitor with CDK4 activity
LY2835219,LY2835219 (Abemaciclib),CCN1CCN(CC1)CC2=CN=C(C=C2)NC3=NC=C(C=C3)N4CCN(CC4)C5=NC=NC6=C5C=C(C=C6)F,2,>10000,>5000,5L2T,PMID:26461310,Abemaciclib - Eli Lilly code
PF06873600,PF-06873600,CC1=CN=C(C=C1)NC2=NC(=NC3=CC=C(C=C23)F)NC4CCC(CC4)N5CCOCC5,3,>10000,>3333,,PMID:33035424,CDK4/6 inhibitor from Pfizer
SHR6390,SHR6390 (Dalpiciclib),CC1=C(C(=NC=N1)NC2=NC=C(C=C2)CN3CCN(CC3)C)NC4=CC5=C(C=C4)OCO5,8,>10000,>1250,,PMID:33785665,CDK4/6 inhibitor approved in China
FCN435,FCN-435,CC1=C(C=CC(=C1)NC2=NC(=NC=C2)NC3=CC=C(C=C3)N4CCNCC4)C(=O)NC,12,>10000,>833,,PMID:32967433,CDK4/6 inhibitor
BIROCICLIB,Birociclib (XZP-3287),CC1=C(C(=NC(=N1)NC2=CC=C(C=C2)CN3CCOCC3)NC4=CC=C(C=C4)F)C,6,>10000,>1666,,PMID:35015549,CDK4/6 inhibitor in trials
PF06461749,PF-06461749,CC(C)NC1=NC2=C(C=CC(=C2)OC)C(=N1)NC3CCC(CC3)O,120,150,1.25,,PMID:29045141,Pan-CDK with CDK4 activity
NVP_LCQ195,NVP-LCQ195,CN1CCN(CC1)C2=CC=C(C=C2)NC3=NC(=NC4=C3C=CC(=C4)Br)N,500,8,0.016,,PMID:32555388,CDK11-selective inhibitor
RIVICICLIB_HCL,Riviciclib HCl,CC1=CC(=CC(=C1O)O)C2=CC(=O)C3=C(C=C(C=C3O2)OC)O,85,>10000,>117,,PMID:30095371,CDK4 inhibitor
LY2857785,LY-2857785,CC1=CC=C(C=C1)C2=NC(=C(N2)C3=CC=CC=C3)C(=O)NC4=CC=CC(=C4)N5CCOCC5,15,12,0.8,,PMID:23394205,CDK7/9 inhibitor with CDK activity
THZ1,THZ1,C=CC(=O)NC1=CC=CC(=C1)NC2=NC=NC3=C2C=C(C=C3)NC4=CC=C(C=C4)CN5CCN(CC5)C,50,35,0.7,,PMID:24823638,Covalent CDK7 inhibitor with pan-CDK activity
THZ531,THZ531,C=CC(=O)NC1=CC=CC(=C1)NC2=NC(=NC3=C2C=C(C=C3)OC)NC4=CC=CC=C4F,>1000,45,<0.05,,PMID:29033157,CDK12/13 inhibitor with CDK11 activity
BS181,BS-181,CC1=C(C=CC(=C1)NC2=NC(=NC3=C2C=C(C=C3)OC)N)C(=O)NC4=CC=C(C=C4)N5CCOCC5,25,30,1.2,,PMID:21536452,CDK7 inhibitor with CDK4 activity
DECOY_ASPIRIN,Aspirin (Decoy),CC(=O)OC1=CC=CC=C1C(=O)O,>100000,>100000,1,,N/A,DECOY - COX inhibitor not CDK active
DECOY_IBUPROFEN,Ibuprofen (Decoy),CC(C)CC1=CC=C(C=C1)C(C)C(=O)O,>100000,>100000,1,,N/A,DECOY - COX inhibitor not CDK active
DECOY_METFORMIN,Metformin (Decoy),CN(C)C(=N)NC(=N)N,>100000,>100000,1,,N/A,DECOY - AMPK activator not CDK active
DECOY_ATORVASTATIN,Atorvastatin (Decoy),CC(C)C1=C(C(=C(N1CCC(CC(CC(=O)O)O)O)C2=CC=C(C=C2)F)C3=CC=CC=C3)C(=O)NC4=CC=CC=C4,>100000,>100000,1,,N/A,DECOY - HMG-CoA reductase inhibitor not CDK active
DECOY_OMEPRAZOLE,Omeprazole (Decoy),CC1=CN=C(C(=C1OC)C)CS(=O)C2=NC3=C(N2)C=CC(=C3)OC,>100000,>100000,1,,N/A,DECOY - Proton pump inhibitor not CDK active
DECOY_CAFFEINE,Caffeine (Decoy),CN1C=NC2=C1C(=O)N(C(=O)N2C)C,>100000,>100000,1,,N/A,DECOY - Adenosine receptor antagonist not CDK active
DECOY_ACETAMINOPHEN,Acetaminophen (Decoy),CC(=O)NC1=CC=C(C=C1)O,>100000,>100000,1,,N/A,DECOY - Analgesic not CDK active
DECOY_DIPHENHYDRAMINE,Diphenhydramine (Decoy),CN(C)CCOC(C1=CC=CC=C1)C2=CC=CC=C2,>100000,>100000,1,,N/A,DECOY - H1 antihistamine not CDK active
DECOY_LORATADINE,Loratadine (Decoy),CCOC(=O)N1CCC(=C2C3=C(CCC4=C2N=CC=C4)C=C(C=C3)Cl)CC1,>100000,>100000,1,,N/A,DECOY - H1 antihistamine not CDK active
DECOY_SILDENAFIL,Sildenafil (Decoy),CCCC1=NN(C2=C1NC(=NC2=O)C3=C(C=CC(=C3)S(=O)(=O)N4CCN(CC4)C)OCC)C,>100000,>100000,1,,N/A,DECOY - PDE5 inhibitor not CDK active
